부문,상위조직,조직명,매칭조직,등급,등급_2022이후,등급_2025이후,청년광장,서담,학과·기관 홈페이지
총장 직속,총장 직속,총장실,,C. 게시 이력 없음,C. 게시 이력 없음,C. 게시 이력 없음,0,0,0
총장 직속,총장 직속,감사실,,C. 게시 이력 없음,C. 게시 이력 없음,C. 게시 이력 없음,0,0,0
행정부서,행정부서,교목처,교목처,A. 공개 채널 게시,A. 공개 채널 게시,B. 자기 홈페이지에만,13,2,23
행정부서,교목처,교목팀,교목처,A. 공개 채널 게시,A. 공개 채널 게시,B. 자기 홈페이지에만,13,2,23
행정부서,행정부서,교무처,,C. 게시 이력 없음,C. 게시 이력 없음,C. 게시 이력 없음,0,0,0
행정부서,교무처,교무팀,교무팀,A. 공개 채널 게시,A. 공개 채널 게시,A. 공개 채널 게시,0,20,0
행정부서,교무처,학사지원팀,학사지원팀,A. 공개 채널 게시,A. 공개 채널 게시,A. 공개 채널 게시,32,21,0
행정부서,교무처,종합봉사실,종합봉사실,A. 공개 채널 게시,A. 공개 채널 게시,A. 공개 채널 게시,8,6,0
행정부서,교무처,교수학습센터,교수학습센터,A. 공개 채널 게시,A. 공개 채널 게시,A. 공개 채널 게시,70,14,3
행정부서,행정부서,입학처,입학처,A. 공개 채널 게시,A. 공개 채널 게시,A. 공개 채널 게시,18,39,3
행정부서,입학처,입학팀,입학처,A. 공개 채널 게시,A. 공개 채널 게시,A. 공개 채널 게시,18,39,3
행정부서,행정부서,학생문화처,,C. 게시 이력 없음,C. 게시 이력 없음,C. 게시 이력 없음,0,0,0
행정부서,학생문화처,학생지원팀,학생지원팀,A. 공개 채널 게시,A. 공개 채널 게시,A. 공개 채널 게시,5,6,0
행정부서,학생문화처,취업지원팀,취업지원팀,A. 공개 채널 게시,A. 공개 채널 게시,A. 공개 채널 게시,7,25,0
행정부서,학생문화처,현장실습지원센터,현장실습지원센터,B. 자기 홈페이지에만,B. 자기 홈페이지에만,C. 게시 이력 없음,0,0,1
행정부서,학생문화처,장애학생지원센터,장애학생지원센터,A. 공개 채널 게시,A. 공개 채널 게시,A. 공개 채널 게시,4,5,6
행정부서,행정부서,기획처,,C. 게시 이력 없음,C. 게시 이력 없음,C. 게시 이력 없음,0,0,0
행정부서,기획처,전략기획단,,C. 게시 이력 없음,C. 게시 이력 없음,C. 게시 이력 없음,0,0,0
행정부서,기획처,전략기획팀,,C. 게시 이력 없음,C. 게시 이력 없음,C. 게시 이력 없음,0,0,0
행정부서,기획처,IR센터,,C. 게시 이력 없음,C. 게시 이력 없음,C. 게시 이력 없음,0,0,0
행정부서,기획처,예산팀,예산팀,A. 공개 채널 게시,C. 게시 이력 없음,C. 게시 이력 없음,1,0,0
행정부서,기획처,대학혁신추진단,대학혁신추진단,A. 공개 채널 게시,A. 공개 채널 게시,A. 공개 채널 게시,4,5,0
행정부서,기획처,교육혁신팀,교육혁신팀,A. 공개 채널 게시,A. 공개 채널 게시,A. 공개 채널 게시,2,6,0
행정부서,행정부서,총무처,,C. 게시 이력 없음,C. 게시 이력 없음,C. 게시 이력 없음,0,0,0
행정부서,총무처,인사총무팀,인사총무팀,A. 공개 채널 게시,A. 공개 채널 게시,A. 공개 채널 게시,21,28,0
행정부서,총무처,재무팀,재무팀,A. 공개 채널 게시,A. 공개 채널 게시,C. 게시 이력 없음,10,18,0
행정부서,총무처,구매팀,,C. 게시 이력 없음,C. 게시 이력 없음,C. 게시 이력 없음,0,0,0
행정부서,총무처,예비군연대본부,,C. 게시 이력 없음,C. 게시 이력 없음,C. 게시 이력 없음,0,0,0
행정부서,행정부서,관리처,,C. 게시 이력 없음,C. 게시 이력 없음,C. 게시 이력 없음,0,0,0
행정부서,관리처,관재팀,관재시설팀,A. 공개 채널 게시,A. 공개 채널 게시,A. 공개 채널 게시,16,20,2
행정부서,관리처,시설팀,관재시설팀,A. 공개 채널 게시,A. 공개 채널 게시,A. 공개 채널 게시,16,20,2
행정부서,관리처,안전관리센터,,C. 게시 이력 없음,C. 게시 이력 없음,C. 게시 이력 없음,0,0,0
행정부서,행정부서,디지털정보처,디지털정보처,A. 공개 채널 게시,C. 게시 이력 없음,C. 게시 이력 없음,5,0,0
행정부서,디지털정보처,정보전략팀,,A-. 상위조직 단위로 게시,C. 게시 이력 없음,C. 게시 이력 없음,0,0,0
행정부서,디지털정보처,정보개발팀,,A-. 상위조직 단위로 게시,C. 게시 이력 없음,C. 게시 이력 없음,0,0,0
행정부서,디지털정보처,원격교육지원센터,원격교육지원센터,A. 공개 채널 게시,A. 공개 채널 게시,A. 공개 채널 게시,8,7,0
행정부서,행정부서,국제처,국제처,A. 공개 채널 게시,A. 공개 채널 게시,A. 공개 채널 게시,17,9,0
행정부서,국제처,국제교류팀,국제교류팀,A. 공개 채널 게시,A. 공개 채널 게시,A. 공개 채널 게시,7,6,3
행정부서,국제처,국제학생팀,국제처,A. 공개 채널 게시,A. 공개 채널 게시,A. 공개 채널 게시,17,9,0
행정부서,행정부서,대외교류처,발전홍보팀,A. 공개 채널 게시,A. 공개 채널 게시,C. 게시 이력 없음,31,25,0
행정부서,대외교류처,발전홍보팀,발전홍보팀,A. 공개 채널 게시,A. 공개 채널 게시,C. 게시 이력 없음,31,25,0
행정부서,행정부서,연구처·산학협력단,연구처·산학협력단,A. 공개 채널 게시,A. 공개 채널 게시,A. 공개 채널 게시,4,2,0
행정부서,연구처·산학협력단,연구진흥팀,,A-. 상위조직 단위로 게시,C. 게시 이력 없음,C. 게시 이력 없음,0,0,0
행정부서,연구처·산학협력단,연구지원팀,,A-. 상위조직 단위로 게시,C. 게시 이력 없음,C. 게시 이력 없음,0,0,0
행정부서,연구처·산학협력단,경영지원팀,,A-. 상위조직 단위로 게시,C. 게시 이력 없음,C. 게시 이력 없음,0,0,0
행정부서,연구처·산학협력단,검수팀,,A-. 상위조직 단위로 게시,C. 게시 이력 없음,C. 게시 이력 없음,0,0,0
행정부서,연구처·산학협력단,산학기획팀,,A-. 상위조직 단위로 게시,C. 게시 이력 없음,C. 게시 이력 없음,0,0,0
행정부서,연구처·산학협력단,성과활용팀,,A-. 상위조직 단위로 게시,C. 게시 이력 없음,C. 게시 이력 없음,0,0,0
행정부서,연구처·산학협력단,공동기기원,,A-. 상위조직 단위로 게시,C. 게시 이력 없음,C. 게시 이력 없음,0,0,0
행정부서,연구처·산학협력단,G-LAMP 사업단,,A-. 상위조직 단위로 게시,C. 게시 이력 없음,C. 게시 이력 없음,0,0,0
행정부서,연구처·산학협력단,산학연협력센터,,A-. 상위조직 단위로 게시,C. 게시 이력 없음,C. 게시 이력 없음,0,0,0
행정부서,연구처·산학협력단,판교캠퍼스사업단,,A-. 상위조직 단위로 게시,C. 게시 이력 없음,C. 게시 이력 없음,0,0,0
행정부서,행정부서,창업지원단,창업지원단,A. 공개 채널 게시,A. 공개 채널 게시,A. 공개 채널 게시,0,2,0
행정부서,창업지원단,서강비즈니스센터,서강비즈니스센터,A. 공개 채널 게시,C. 게시 이력 없음,C. 게시 이력 없음,0,1,0
행정부서,창업지원단,서강기업가정신센터,,C. 게시 이력 없음,C. 게시 이력 없음,C. 게시 이력 없음,0,0,0
행정부서,창업지원단,서강글로벌창업센터,,C. 게시 이력 없음,C. 게시 이력 없음,C. 게시 이력 없음,0,0,0
행정부서,행정부서,RISE 사업단,,C. 게시 이력 없음,C. 게시 이력 없음,C. 게시 이력 없음,0,0,0
행정부서,RISE 사업단,RISE 사업팀,RISE 사업팀,A. 공개 채널 게시,A. 공개 채널 게시,A. 공개 채널 게시,1,0,0
행정부서,RISE 사업단,미래기술융합기업협업센터,,C. 게시 이력 없음,C. 게시 이력 없음,C. 게시 이력 없음,0,0,0
행정부서,RISE 사업단,글로벌산학연계교육센터,,C. 게시 이력 없음,C. 게시 이력 없음,C. 게시 이력 없음,0,0,0
행정부서,RISE 사업단,글로벌지역혁신교육센터,,C. 게시 이력 없음,C. 게시 이력 없음,C. 게시 이력 없음,0,0,0
행정부서,RISE 사업단,AI기반교육연구혁신센터,,C. 게시 이력 없음,C. 게시 이력 없음,C. 게시 이력 없음,0,0,0
행정부서,RISE 사업단,전략산업혁신센터,,C. 게시 이력 없음,C. 게시 이력 없음,C. 게시 이력 없음,0,0,0
대학,대학,인문대학,,C. 게시 이력 없음,C. 게시 이력 없음,C. 게시 이력 없음,0,0,0
대학,인문대학,국어국문학,국어국문학,A. 공개 채널 게시,A. 공개 채널 게시,A. 공개 채널 게시,5,7,45
대학,인문대학,사학,사학,A. 공개 채널 게시,A. 공개 채널 게시,A. 공개 채널 게시,3,2,32
대학,인문대학,철학,철학,A. 공개 채널 게시,A. 공개 채널 게시,A. 공개 채널 게시,12,10,0
대학,인문대학,종교학,종교학,A. 공개 채널 게시,A. 공개 채널 게시,A. 공개 채널 게시,13,0,0
대학,인문대학,영문학부,영문학부,A. 공개 채널 게시,A. 공개 채널 게시,A. 공개 채널 게시,7,1,0
대학,인문대학,유럽문화,유럽문화,A. 공개 채널 게시,A. 공개 채널 게시,C. 게시 이력 없음,10,3,0
대학,인문대학,중국문화,중국문화,A. 공개 채널 게시,A. 공개 채널 게시,B. 자기 홈페이지에만,13,11,35
대학,인문대학,인문학기반 자유전공학부,인문학기반 자유전공학부,A. 공개 채널 게시,A. 공개 채널 게시,A. 공개 채널 게시,3,10,1
대학,인문대학,인문대학행정팀,,C. 게시 이력 없음,C. 게시 이력 없음,C. 게시 이력 없음,0,0,0
대학,대학,사회과학대학,사회과학대학,A. 공개 채널 게시,A. 공개 채널 게시,A. 공개 채널 게시,5,7,0
대학,사회과학대학,사회학,사회학,A. 공개 채널 게시,A. 공개 채널 게시,A. 공개 채널 게시,16,3,0
대학,사회과학대학,정치외교학,정치외교학,A. 공개 채널 게시,A. 공개 채널 게시,C. 게시 이력 없음,1,2,1
대학,사회과학대학,심리학,심리학,A. 공개 채널 게시,A. 공개 채널 게시,A. 공개 채널 게시,25,9,9
대학,사회과학대학,사회과학대학행정팀,사회과학대학,A. 공개 채널 게시,A. 공개 채널 게시,A. 공개 채널 게시,5,7,0
대학,대학,자연과학대학,,C. 게시 이력 없음,C. 게시 이력 없음,C. 게시 이력 없음,0,0,0
대학,자연과학대학,수학,수학,A. 공개 채널 게시,A. 공개 채널 게시,C. 게시 이력 없음,11,10,0
대학,자연과학대학,물리학,물리학,B. 자기 홈페이지에만,C. 게시 이력 없음,C. 게시 이력 없음,0,0,9
대학,자연과학대학,화학,,C. 게시 이력 없음,C. 게시 이력 없음,C. 게시 이력 없음,0,0,0
대학,자연과학대학,생명과학,생명과학,B. 자기 홈페이지에만,B. 자기 홈페이지에만,C. 게시 이력 없음,0,0,11
대학,자연과학대학,SCIENCE기반 자유전공학부,,C. 게시 이력 없음,C. 게시 이력 없음,C. 게시 이력 없음,0,0,0
대학,자연과학대학,자연과학대학행정팀,,C. 게시 이력 없음,C. 게시 이력 없음,C. 게시 이력 없음,0,0,0
대학,대학,공과대학,공과대학,B. 자기 홈페이지에만,B. 자기 홈페이지에만,C. 게시 이력 없음,0,0,4
대학,공과대학,전자공학,,C. 게시 이력 없음,C. 게시 이력 없음,C. 게시 이력 없음,0,0,0
대학,공과대학,화공생명공학,화공생명공학,B. 자기 홈페이지에만,B. 자기 홈페이지에만,B. 자기 홈페이지에만,0,0,15
대학,공과대학,기계공학,기계공학,B. 자기 홈페이지에만,B. 자기 홈페이지에만,B. 자기 홈페이지에만,0,0,43
대학,공과대학,시스템반도체공학,시스템반도체공학,B. 자기 홈페이지에만,B. 자기 홈페이지에만,B. 자기 홈페이지에만,0,0,2
대학,공과대학,반도체공학,,C. 게시 이력 없음,C. 게시 이력 없음,C. 게시 이력 없음,0,0,0
대학,공과대학,공과대학행정팀,공과대학,B. 자기 홈페이지에만,B. 자기 홈페이지에만,C. 게시 이력 없음,0,0,4
대학,대학,경제대학,경제대학,A. 공개 채널 게시,A. 공개 채널 게시,C. 게시 이력 없음,0,1,0
대학,경제대학,경제학,경제학,A. 공개 채널 게시,A. 공개 채널 게시,C. 게시 이력 없음,1,9,0
대학,경제대학,경제대학행정팀,경제대학,A. 공개 채널 게시,A. 공개 채널 게시,C. 게시 이력 없음,0,1,0
대학,대학,경영대학,경영대학,A. 공개 채널 게시,A. 공개 채널 게시,C. 게시 이력 없음,1,2,0
대학,경영대학,경영학,경영학,A. 공개 채널 게시,C. 게시 이력 없음,C. 게시 이력 없음,0,1,0
대학,경영대학,경영대학행정팀,경영대학,A. 공개 채널 게시,A. 공개 채널 게시,C. 게시 이력 없음,1,2,0
대학,대학,커뮤니케이션대학,,C. 게시 이력 없음,C. 게시 이력 없음,C. 게시 이력 없음,0,0,0
대학,커뮤니케이션대학,커뮤니케이션학전공,커뮤니케이션학전공,B. 자기 홈페이지에만,C. 게시 이력 없음,C. 게시 이력 없음,0,0,1
대학,커뮤니케이션대학,커뮤니케이션대학행정팀,,C. 게시 이력 없음,C. 게시 이력 없음,C. 게시 이력 없음,0,0,0
대학,대학,지식융합대학,,C. 게시 이력 없음,C. 게시 이력 없음,C. 게시 이력 없음,0,0,0
대학,지식융합대학,국제한국학,국제한국학,A. 공개 채널 게시,C. 게시 이력 없음,C. 게시 이력 없음,1,0,0
대학,지식융합대학,아트&테크놀로지,아트&테크놀로지,A. 공개 채널 게시,C. 게시 이력 없음,C. 게시 이력 없음,9,0,0
대학,지식융합대학,지식융합대학행정팀,,C. 게시 이력 없음,C. 게시 이력 없음,C. 게시 이력 없음,0,0,0
대학,대학,지식융합미디어대학,,C. 게시 이력 없음,C. 게시 이력 없음,C. 게시 이력 없음,0,0,0
대학,지식융합미디어대학,신문방송학전공,신문방송학전공,A. 공개 채널 게시,A. 공개 채널 게시,C. 게시 이력 없음,1,0,0
대학,지식융합미디어대학,미디어&엔터테인먼트,,C. 게시 이력 없음,C. 게시 이력 없음,C. 게시 이력 없음,0,0,0
대학,지식융합미디어대학,글로벌한국학,국제한국학,A. 공개 채널 게시,C. 게시 이력 없음,C. 게시 이력 없음,1,0,0
대학,지식융합미디어대학,지식융합미디어대학행정팀,,C. 게시 이력 없음,C. 게시 이력 없음,C. 게시 이력 없음,0,0,0
대학,대학,로욜라국제대학,로욜라국제대학,A. 공개 채널 게시,A. 공개 채널 게시,A. 공개 채널 게시,10,5,0
대학,로욜라국제대학,글로벌한국학부,국제한국학,A. 공개 채널 게시,A-. 상위조직 단위로 게시,A-. 상위조직 단위로 게시,1,0,0
대학,로욜라국제대학,게페르트국제학부,,A-. 상위조직 단위로 게시,A-. 상위조직 단위로 게시,A-. 상위조직 단위로 게시,0,0,0
대학,로욜라국제대학,글로벌융합학부,,A-. 상위조직 단위로 게시,A-. 상위조직 단위로 게시,A-. 상위조직 단위로 게시,0,0,0
대학,로욜라국제대학,로욜라국제대학 / 국제대학원 행정팀,,A-. 상위조직 단위로 게시,A-. 상위조직 단위로 게시,A-. 상위조직 단위로 게시,0,0,0
대학,대학,소프트웨어융합대학,,C. 게시 이력 없음,C. 게시 이력 없음,C. 게시 이력 없음,0,0,0
대학,소프트웨어융합대학,컴퓨터공학,컴퓨터공학,A. 공개 채널 게시,A. 공개 채널 게시,C. 게시 이력 없음,0,2,3
대학,소프트웨어융합대학,인공지능학,인공지능학,A. 공개 채널 게시,A. 공개 채널 게시,C. 게시 이력 없음,1,2,2
대학,소프트웨어융합대학,AI기반 자유전공학부,,C. 게시 이력 없음,C. 게시 이력 없음,C. 게시 이력 없음,0,0,0
대학,소프트웨어융합대학,소프트웨어융합대학행정팀,,C. 게시 이력 없음,C. 게시 이력 없음,C. 게시 이력 없음,0,0,0
교육기관,교육기관,전인교육원,전인교육원,A. 공개 채널 게시,A. 공개 채널 게시,A. 공개 채널 게시,104,32,48
교육기관,전인교육원,인성교육센터,인성교육센터,A. 공개 채널 게시,A. 공개 채널 게시,A. 공개 채널 게시,8,9,1
교육기관,전인교육원,글쓰기센터,,A-. 상위조직 단위로 게시,A-. 상위조직 단위로 게시,A-. 상위조직 단위로 게시,0,0,0
교육기관,전인교육원,교양교육연구센터,교양교육연구센터,A. 공개 채널 게시,A. 공개 채널 게시,A. 공개 채널 게시,14,6,2
교육기관,전인교육원,전인교육원 행정팀,전인교육원,A. 공개 채널 게시,A. 공개 채널 게시,A. 공개 채널 게시,104,32,48
교육기관,교육기관,융합교육원,융합교육원,A. 공개 채널 게시,A. 공개 채널 게시,A. 공개 채널 게시,5,2,5
교육기관,융합교육원,AI·SW교육센터,AI·SW교육센터,A. 공개 채널 게시,B. 자기 홈페이지에만,B. 자기 홈페이지에만,4,0,7
교육기관,융합교육원,캡스톤디자인교육센터,,A-. 상위조직 단위로 게시,A-. 상위조직 단위로 게시,A-. 상위조직 단위로 게시,0,0,0
교육기관,융합교육원,AI 창의융합 학부연구소,,A-. 상위조직 단위로 게시,A-. 상위조직 단위로 게시,A-. 상위조직 단위로 게시,0,0,0
교육기관,융합교육원,코드리뷰센터,,A-. 상위조직 단위로 게시,A-. 상위조직 단위로 게시,A-. 상위조직 단위로 게시,0,0,0
교육기관,융합교육원,융합교육혁신팀,융합교육혁신팀,A. 공개 채널 게시,A. 공개 채널 게시,A. 공개 채널 게시,2,5,0
대학원,대학원,일반대학원,일반대학원,A. 공개 채널 게시,A. 공개 채널 게시,A. 공개 채널 게시,4,1,3
대학원,일반대학원,대학원행정팀,일반대학원,A. 공개 채널 게시,A. 공개 채널 게시,A. 공개 채널 게시,4,1,3
대학원,일반대학원,대학원혁신전략팀,,A-. 상위조직 단위로 게시,A-. 상위조직 단위로 게시,C. 게시 이력 없음,0,0,0
대학원,일반대학원,인재양성센터,,A-. 상위조직 단위로 게시,A-. 상위조직 단위로 게시,C. 게시 이력 없음,0,0,0
대학원,일반대학원,서강글로벌학술원,,A-. 상위조직 단위로 게시,A-. 상위조직 단위로 게시,C. 게시 이력 없음,0,0,0
대학원,대학원,전문대학원,,A-. 상위조직 단위로 게시,A-. 상위조직 단위로 게시,C. 게시 이력 없음,0,0,0
대학원,전문대학원,신학대학원,신학대학원,A. 공개 채널 게시,A. 공개 채널 게시,A. 공개 채널 게시,13,11,3
대학원,전문대학원,국제대학원,국제대학원,A. 공개 채널 게시,C. 게시 이력 없음,C. 게시 이력 없음,0,1,0
대학원,전문대학원,가상융합전문대학원,메타버스전문대학원,A. 공개 채널 게시,A. 공개 채널 게시,B. 자기 홈페이지에만,5,1,7
대학원,전문대학원,경영전문대학원,경영전문대학원,A. 공개 채널 게시,A. 공개 채널 게시,A. 공개 채널 게시,41,10,0
대학원,전문대학원,법학전문대학원,법학전문대학원,A. 공개 채널 게시,A. 공개 채널 게시,A. 공개 채널 게시,55,4,3
대학원,전문대학원,기술경영전문대학원,기술경영전문대학원,A. 공개 채널 게시,A. 공개 채널 게시,A. 공개 채널 게시,7,5,0
대학원,전문대학원,전문대학원행정팀,,C. 게시 이력 없음,C. 게시 이력 없음,C. 게시 이력 없음,0,0,0
대학원,전문대학원,법학전문대학원행정팀,법학전문대학원,A. 공개 채널 게시,A. 공개 채널 게시,A. 공개 채널 게시,55,4,3
대학원,대학원,특수대학원,,A-. 상위조직 단위로 게시,A-. 상위조직 단위로 게시,C. 게시 이력 없음,0,0,0
대학원,특수대학원,공공정책대학원,공공정책대학원,A. 공개 채널 게시,A. 공개 채널 게시,C. 게시 이력 없음,2,2,6
대학원,특수대학원,교육대학원,교육대학원,A. 공개 채널 게시,A. 공개 채널 게시,C. 게시 이력 없음,2,1,2
대학원,특수대학원,경제대학원,경제대학원,A. 공개 채널 게시,A. 공개 채널 게시,C. 게시 이력 없음,2,8,0
대학원,특수대학원,미디어커뮤니케이션대학원,미디어커뮤니케이션대학원,A. 공개 채널 게시,A. 공개 채널 게시,A. 공개 채널 게시,27,2,14
대학원,특수대학원,AI·SW대학원,AI·SW대학원,A. 공개 채널 게시,A. 공개 채널 게시,A. 공개 채널 게시,1,0,0
부속기관,부속기관,도서관,도서관,A. 공개 채널 게시,A. 공개 채널 게시,C. 게시 이력 없음,3,0,0
부속기관,도서관,지식정보기획팀,지식정보기획팀,A. 공개 채널 게시,C. 게시 이력 없음,C. 게시 이력 없음,0,1,0
부속기관,도서관,지식정보개발팀,,C. 게시 이력 없음,C. 게시 이력 없음,C. 게시 이력 없음,0,0,0
부속기관,도서관,정보서비스팀,,C. 게시 이력 없음,C. 게시 이력 없음,C. 게시 이력 없음,0,0,0
부속기관,도서관,창의지식협력팀,,C. 게시 이력 없음,C. 게시 이력 없음,C. 게시 이력 없음,0,0,0
부속기관,도서관,기록보존소,,C. 게시 이력 없음,C. 게시 이력 없음,C. 게시 이력 없음,0,0,0
부속기관,도서관,박물관,,C. 게시 이력 없음,C. 게시 이력 없음,C. 게시 이력 없음,0,0,0
부속기관,부속기관,기숙사,기숙사,A. 공개 채널 게시,A. 공개 채널 게시,A. 공개 채널 게시,0,3,2
부속기관,기숙사,벨라르미노 학사,벨라르미노 학사,A. 공개 채널 게시,A. 공개 채널 게시,A. 공개 채널 게시,5,9,65
부속기관,기숙사,곤자가 국제학사,곤자가 국제학사,A. 공개 채널 게시,A. 공개 채널 게시,A. 공개 채널 게시,47,35,109
부속기관,부속기관,기타,,C. 게시 이력 없음,C. 게시 이력 없음,C. 게시 이력 없음,0,0,0
부속기관,기타,커뮤니케이션센터,커뮤니케이션센터,A. 공개 채널 게시,A. 공개 채널 게시,A. 공개 채널 게시,9,20,0
부속기관,기타,출판부,출판부,A. 공개 채널 게시,A. 공개 채널 게시,B. 자기 홈페이지에만,5,0,14
부속기관,기타,체육관,체육관,B. 자기 홈페이지에만,B. 자기 홈페이지에만,B. 자기 홈페이지에만,0,0,1
부속기관,기타,학생생활상담연구소,학생생활상담연구소,A. 공개 채널 게시,A. 공개 채널 게시,A. 공개 채널 게시,2,1,1
부속기관,기타,국제지역문화원,국제지역문화원,A. 공개 채널 게시,A. 공개 채널 게시,A. 공개 채널 게시,3,0,10
부속기관,기타,대학언론사,,C. 게시 이력 없음,C. 게시 이력 없음,C. 게시 이력 없음,0,0,0
부속기관,기타,인권 ∙ 성평등센터,인권 · 성평등센터,A. 공개 채널 게시,A. 공개 채널 게시,A. 공개 채널 게시,21,2,11
