org,공고수,투명성점수,임금,근무시간,근무기간,모집인원,지원마감일,자격요건,지원방법,문의처,주채널,사용채널수
전인교육원,184,73.4,91.8,43.5,51.6,29.9,89.7,94.6,93.5,92.9,청년광장,3
교수학습센터,87,79.2,94.3,92.0,81.6,43.7,32.2,96.6,96.6,96.6,청년광장,3
곤자가 국제학사,82,76.2,69.5,37.8,63.4,68.3,79.3,96.3,98.8,96.3,청년광장,2
벨라르미노 학사,79,15.3,12.7,13.9,21.5,2.5,19.0,25.3,20.3,7.6,학과·기관 홈페이지,3
전문대학원행정팀,75,88.2,100.0,100.0,86.7,56.0,62.7,100.0,100.0,100.0,서담,2
법학전문대학원,62,87.9,95.2,83.9,93.5,67.7,71.0,98.4,100.0,93.5,청년광장,3
교양영어,61,36.5,1.6,4.9,45.9,11.5,31.1,44.3,88.5,63.9,서담,2
입학처,60,79.2,86.7,70.0,91.7,21.7,81.7,98.3,98.3,85.0,서담,3
중국문화,59,68.6,25.4,33.9,94.9,18.6,83.1,98.3,100.0,94.9,학과·기관 홈페이지,3
국어국문학,57,70.6,12.3,63.2,94.7,49.1,86.0,91.2,87.7,80.7,학과·기관 홈페이지,3
발전홍보팀,56,84.2,98.2,91.1,87.5,12.5,89.3,98.2,98.2,98.2,청년광장,2
학사지원팀,53,81.6,100.0,94.3,94.3,84.9,20.8,94.3,98.1,66.0,청년광장,2
경영전문대학원,51,81.1,96.1,98.0,98.0,9.8,49.0,100.0,100.0,98.0,청년광장,2
인사총무팀,49,86.0,100.0,93.9,93.9,44.9,57.1,100.0,100.0,98.0,서담,2
법학전문대학원행정팀,43,93.0,95.3,88.4,97.7,81.4,83.7,100.0,100.0,97.7,청년광장,2
미디어커뮤니케이션대학원,43,87.8,95.3,100.0,81.4,41.9,88.4,100.0,100.0,95.3,청년광장,3
기계공학,43,77.0,67.4,32.6,93.0,72.1,90.7,97.7,100.0,62.8,학과·기관 홈페이지,1
심리학,43,82.3,76.7,79.1,65.1,48.8,88.4,100.0,100.0,100.0,청년광장,3
글쓰기센터,41,78.7,97.6,85.4,34.1,29.3,82.9,100.0,100.0,100.0,청년광장,2
교목처,38,84.5,81.6,76.3,89.5,47.4,92.1,97.4,94.7,97.4,학과·기관 홈페이지,3
대학원행정팀,38,88.2,100.0,94.7,78.9,65.8,65.8,100.0,100.0,100.0,청년광장,3
사학,37,83.1,59.5,83.8,70.3,73.0,94.6,94.6,94.6,94.6,학과·기관 홈페이지,3
한국어교육원,37,76.4,89.2,83.8,86.5,29.7,54.1,94.6,97.3,75.7,청년광장,2
인권 ∙ 성평등센터,34,96.7,100.0,94.1,97.1,91.2,94.1,100.0,100.0,97.1,청년광장,3
전인교육원 행정팀,33,94.7,100.0,100.0,100.0,69.7,87.9,100.0,100.0,100.0,청년광장,3
취업지원팀,32,86.3,100.0,90.6,87.5,56.2,90.6,100.0,100.0,65.6,서담,2
관재팀,30,83.3,93.3,96.7,83.3,23.3,80.0,100.0,100.0,90.0,서담,3
커뮤니케이션센터,29,83.6,93.1,62.1,62.1,58.6,93.1,100.0,100.0,100.0,서담,2
재무팀,28,93.8,96.4,96.4,96.4,78.6,92.9,100.0,96.4,92.9,서담,2
일본문화전공,28,96.0,92.9,96.4,100.0,96.4,100.0,100.0,100.0,82.1,서담,2
신학대학원,27,76.9,92.6,100.0,66.7,55.6,14.8,92.6,100.0,92.6,청년광장,3
국제처,26,81.7,65.4,88.5,73.1,46.2,84.6,100.0,100.0,96.2,청년광장,2
여성학과,25,99.0,100.0,100.0,96.0,96.0,100.0,100.0,100.0,100.0,청년광장,2
철학,22,84.1,100.0,50.0,90.9,68.2,77.3,100.0,100.0,86.4,청년광장,2
교양교육연구센터,22,88.6,95.5,95.5,81.8,54.5,86.4,95.5,100.0,100.0,청년광장,3
수학,21,44.0,28.6,4.8,14.3,33.3,57.1,61.9,81.0,71.4,청년광장,2
교무팀,20,96.2,100.0,100.0,75.0,95.0,100.0,100.0,100.0,100.0,서담,1
입학팀,20,86.2,95.0,85.0,100.0,15.0,95.0,100.0,100.0,100.0,서담,2
출판부,19,78.3,100.0,21.1,100.0,5.3,100.0,100.0,100.0,100.0,학과·기관 홈페이지,2
사회학,19,89.5,84.2,100.0,100.0,47.4,94.7,100.0,100.0,89.5,청년광장,2
인성교육센터,18,99.3,100.0,100.0,100.0,94.4,100.0,100.0,100.0,100.0,서담,3
메리홀,15,84.2,100.0,93.3,53.3,33.3,100.0,100.0,100.0,93.3,서담,2
로욜라국제대학,15,71.7,100.0,13.3,40.0,73.3,100.0,100.0,100.0,46.7,청년광장,2
원격교육지원센터,15,77.5,100.0,100.0,100.0,20.0,0.0,100.0,100.0,100.0,청년광장,2
화공생명공학,15,65.0,60.0,13.3,60.0,40.0,86.7,93.3,86.7,80.0,학과·기관 홈페이지,1
국제교류팀,15,88.3,93.3,86.7,100.0,40.0,93.3,100.0,100.0,93.3,청년광장,3
장애학생지원센터,14,76.8,100.0,57.1,85.7,21.4,50.0,100.0,100.0,100.0,서담,3
인문학기반 자유전공학부,14,100.0,100.0,100.0,100.0,100.0,100.0,100.0,100.0,100.0,서담,3
종합봉사실,14,97.3,100.0,100.0,100.0,85.7,92.9,100.0,100.0,100.0,청년광장,2
메타버스전문대학원,13,71.2,69.2,53.8,46.2,7.7,92.3,100.0,100.0,100.0,학과·기관 홈페이지,3
유럽문화,13,84.6,84.6,84.6,92.3,53.8,100.0,100.0,100.0,61.5,청년광장,2
국제지역문화원,13,23.1,15.4,15.4,15.4,15.4,69.2,15.4,15.4,23.1,학과·기관 홈페이지,2
종교학,13,82.7,92.3,76.9,53.8,84.6,92.3,92.3,100.0,69.2,청년광장,1
기술경영전문대학원,12,81.2,100.0,66.7,58.3,50.0,83.3,100.0,100.0,91.7,청년광장,2
경영대학행정팀,12,75.0,83.3,75.0,83.3,33.3,58.3,83.3,100.0,83.3,서담,2
융합교육원,12,80.2,75.0,83.3,100.0,0.0,83.3,100.0,100.0,100.0,청년광장,3
사회과학대학,12,90.6,100.0,66.7,91.7,83.3,100.0,100.0,100.0,83.3,서담,2
총동문회,11,88.6,90.9,100.0,54.5,72.7,90.9,100.0,100.0,100.0,서담,2
학생지원팀,11,77.3,72.7,72.7,90.9,18.2,63.6,100.0,100.0,100.0,서담,2
경제대학행정팀,11,68.2,100.0,100.0,18.2,18.2,36.4,100.0,81.8,90.9,청년광장,2
생명과학,11,65.9,45.5,36.4,72.7,45.5,63.6,100.0,100.0,63.6,학과·기관 홈페이지,1
산학연계교육센터,11,95.5,100.0,100.0,100.0,63.6,100.0,100.0,100.0,100.0,청년광장,2
AI·SW교육센터,11,89.8,100.0,100.0,100.0,18.2,100.0,100.0,100.0,100.0,학과·기관 홈페이지,2
경제학,10,85.0,100.0,100.0,10.0,100.0,90.0,100.0,100.0,80.0,서담,2
공공정책대학원,10,87.5,70.0,80.0,80.0,80.0,100.0,100.0,100.0,90.0,학과·기관 홈페이지,3
경제대학원,10,82.5,80.0,70.0,80.0,60.0,70.0,100.0,100.0,100.0,서담,2
동아연구소,10,73.8,70.0,50.0,70.0,50.0,100.0,70.0,100.0,80.0,청년광장,2
대학혁신추진단,9,87.5,88.9,77.8,88.9,77.8,100.0,88.9,88.9,88.9,서담,2
아트&테크놀로지,9,87.5,100.0,77.8,88.9,33.3,100.0,100.0,100.0,100.0,청년광장,1
물리학,9,70.8,33.3,88.9,22.2,55.6,100.0,88.9,88.9,88.9,학과·기관 홈페이지,1
영상대학원,9,48.6,66.7,66.7,55.6,22.2,0.0,66.7,66.7,44.4,청년광장,2
로욜라국제대학 / 국제대학원 행정팀,9,88.9,100.0,100.0,88.9,22.2,100.0,100.0,100.0,100.0,서담,2
게임&평생교육원,9,70.8,100.0,88.9,100.0,11.1,33.3,77.8,88.9,66.7,서담,2
교육혁신팀,8,60.9,62.5,62.5,25.0,0.0,100.0,75.0,87.5,75.0,서담,2
시설팀,8,90.6,100.0,100.0,100.0,100.0,25.0,100.0,100.0,100.0,청년광장,2
영문학부,8,78.1,50.0,87.5,100.0,12.5,75.0,100.0,100.0,100.0,청년광장,2
사회과학대학행정팀,8,92.2,100.0,100.0,75.0,87.5,87.5,100.0,100.0,87.5,청년광장,3
일반대학원,8,87.5,100.0,75.0,87.5,75.0,62.5,100.0,100.0,100.0,청년광장,3
융합교육혁신팀,7,85.7,100.0,100.0,100.0,0.0,85.7,100.0,100.0,100.0,서담,2
연구처·산학협력단,6,87.5,100.0,100.0,83.3,83.3,50.0,100.0,100.0,83.3,청년광장,2
미래교육원,6,87.5,100.0,100.0,100.0,0.0,100.0,100.0,100.0,100.0,청년광장,2
국제학생팀,6,93.8,100.0,100.0,100.0,50.0,100.0,100.0,100.0,100.0,청년광장,2
고시반(토마스모어관),5,80.0,80.0,80.0,80.0,80.0,80.0,80.0,80.0,80.0,서담,2
인공지능학,5,90.0,100.0,100.0,80.0,100.0,40.0,100.0,100.0,100.0,서담,3
교육문화연계전공,5,80.0,60.0,80.0,100.0,60.0,100.0,100.0,100.0,40.0,청년광장,3
컴퓨터공학,5,87.5,80.0,60.0,100.0,60.0,100.0,100.0,100.0,100.0,학과·기관 홈페이지,2
디지털정보처,5,85.0,80.0,100.0,40.0,100.0,60.0,100.0,100.0,100.0,청년광장,1
트랜스내셔널인문학연구소,5,95.0,100.0,80.0,100.0,80.0,100.0,100.0,100.0,100.0,청년광장,3
메타버스융합연구소,5,47.5,20.0,0.0,0.0,0.0,100.0,100.0,100.0,60.0,학과·기관 홈페이지,1
교육대학원,5,92.5,100.0,100.0,100.0,40.0,100.0,100.0,100.0,100.0,청년광장,3
자연과학대학행정팀,4,87.5,100.0,50.0,100.0,75.0,75.0,100.0,100.0,100.0,학과·기관 홈페이지,2
정치외교학,4,93.8,100.0,100.0,75.0,100.0,100.0,100.0,100.0,75.0,서담,3
종교연구소,4,84.4,100.0,100.0,0.0,100.0,75.0,100.0,100.0,100.0,청년광장,1
HUSS 사회구조 사업단,4,96.9,100.0,100.0,100.0,75.0,100.0,100.0,100.0,100.0,서담,1
학생생활상담연구소,4,81.2,75.0,100.0,50.0,75.0,100.0,100.0,100.0,50.0,청년광장,3
신학연구소,4,71.9,100.0,100.0,0.0,25.0,50.0,100.0,100.0,100.0,학과·기관 홈페이지,1
융합소프트웨어연계전공,4,90.6,100.0,25.0,100.0,100.0,100.0,100.0,100.0,100.0,학과·기관 홈페이지,2
교양국어,4,75.0,75.0,75.0,75.0,50.0,100.0,75.0,75.0,75.0,청년광장,2
공과대학,4,71.9,75.0,0.0,100.0,50.0,75.0,100.0,100.0,75.0,학과·기관 홈페이지,1
도서관,3,4.2,0.0,0.0,33.3,0.0,0.0,0.0,0.0,0.0,청년광장,1
인문사회 융합인재양성사업단,3,87.5,100.0,100.0,100.0,0.0,100.0,100.0,100.0,100.0,청년광장,1
가상융합전문대학원,3,95.8,100.0,100.0,66.7,100.0,100.0,100.0,100.0,100.0,청년광장,1
서강교육그룹,3,79.2,100.0,66.7,100.0,66.7,0.0,100.0,100.0,100.0,서담,2
교목팀,3,100.0,100.0,100.0,100.0,100.0,100.0,100.0,100.0,100.0,청년광장,1
경영대학,3,66.7,100.0,100.0,0.0,33.3,0.0,100.0,100.0,100.0,서담,2
기숙사,3,45.8,66.7,33.3,33.3,0.0,66.7,66.7,33.3,66.7,서담,1
지식융합미디어대학행정팀,3,91.7,100.0,100.0,100.0,33.3,100.0,100.0,100.0,100.0,청년광장,2
스마트설계생산기술연구소,3,54.2,33.3,0.0,66.7,66.7,66.7,66.7,66.7,66.7,학과·기관 홈페이지,1
Sogang KIP,2,75.0,100.0,100.0,100.0,0.0,0.0,100.0,100.0,100.0,서담,1
빅데이터사이언스연계전공,2,87.5,100.0,0.0,100.0,100.0,100.0,100.0,100.0,100.0,학과·기관 홈페이지,1
LINC사업팀,2,87.5,100.0,100.0,100.0,0.0,100.0,100.0,100.0,100.0,청년광장,2
지식융합대학행정팀,2,100.0,100.0,100.0,100.0,100.0,100.0,100.0,100.0,100.0,서담,1
공과대학행정팀,2,31.2,50.0,0.0,0.0,0.0,50.0,50.0,50.0,50.0,학과·기관 홈페이지,1
STNT어학센터,2,75.0,100.0,100.0,100.0,0.0,0.0,100.0,100.0,100.0,서담,1
창업지원단,2,68.8,100.0,50.0,0.0,0.0,100.0,100.0,100.0,100.0,서담,1
이냐시오인재센터,2,75.0,100.0,100.0,0.0,100.0,0.0,100.0,100.0,100.0,청년광장,2
시스템반도체공학,2,62.5,50.0,0.0,50.0,100.0,100.0,100.0,100.0,0.0,학과·기관 홈페이지,1
소프트웨어융합대학행정팀,2,62.5,100.0,100.0,50.0,0.0,50.0,100.0,50.0,50.0,청년광장,1
알바트로스어학센터,2,62.5,100.0,100.0,0.0,0.0,0.0,100.0,100.0,100.0,서담,1
SW중심대학사업단,2,75.0,100.0,50.0,100.0,0.0,50.0,100.0,100.0,100.0,청년광장,2
체육관,1,87.5,100.0,100.0,100.0,0.0,100.0,100.0,100.0,100.0,학과·기관 홈페이지,1
철학연구소,1,87.5,100.0,100.0,100.0,100.0,0.0,100.0,100.0,100.0,서담,1
지식정보기획팀,1,50.0,100.0,0.0,0.0,100.0,0.0,100.0,0.0,100.0,서담,1
신문방송학전공,1,75.0,0.0,100.0,100.0,0.0,100.0,100.0,100.0,100.0,청년광장,1
국제한국학,1,100.0,100.0,100.0,100.0,100.0,100.0,100.0,100.0,100.0,청년광장,1
RISE 사업팀,1,87.5,100.0,100.0,100.0,0.0,100.0,100.0,100.0,100.0,청년광장,1
커뮤니케이션학전공,1,0.0,0.0,0.0,0.0,0.0,0.0,0.0,0.0,0.0,학과·기관 홈페이지,1
바이오기술·투자전문인력양성센터,1,87.5,100.0,100.0,100.0,100.0,0.0,100.0,100.0,100.0,청년광장,1
교양영어 조교,1,50.0,0.0,0.0,0.0,0.0,100.0,100.0,100.0,100.0,서담,1
핀테크 연구센터,1,62.5,100.0,0.0,0.0,0.0,100.0,100.0,100.0,100.0,서담,1
학과,1,62.5,100.0,0.0,100.0,0.0,100.0,100.0,100.0,0.0,학과·기관 홈페이지,1
학과사무실 및 산학협력단 현장실습센터,1,50.0,0.0,100.0,0.0,0.0,100.0,100.0,100.0,0.0,학과·기관 홈페이지,1
마포-서강 영어캠프 운영팀,1,62.5,100.0,0.0,100.0,0.0,100.0,100.0,100.0,0.0,서담,1
메카트로닉스 & 바이오역학실험실,1,37.5,100.0,0.0,0.0,0.0,0.0,100.0,0.0,100.0,학과·기관 홈페이지,1
매크로경영교육센터,1,62.5,0.0,100.0,0.0,0.0,100.0,100.0,100.0,100.0,서담,1
AMBM Lab,1,25.0,0.0,0.0,0.0,0.0,0.0,100.0,0.0,100.0,학과·기관 홈페이지,1
현장실습지원센터,1,62.5,0.0,0.0,100.0,0.0,100.0,100.0,100.0,100.0,학과·기관 홈페이지,1
LINC 사업단 창업교육센터,1,75.0,0.0,0.0,100.0,100.0,100.0,100.0,100.0,100.0,서담,1
가상자산연구소,1,62.5,100.0,0.0,0.0,0.0,100.0,100.0,100.0,100.0,학과·기관 홈페이지,1
국제대학원,1,50.0,0.0,100.0,100.0,0.0,0.0,100.0,100.0,0.0,서담,1
TNT 어학센터,1,62.5,100.0,100.0,0.0,0.0,0.0,100.0,100.0,100.0,서담,1
디지털인문학연계전공,1,0.0,0.0,0.0,0.0,0.0,0.0,0.0,0.0,0.0,청년광장,1
국제문화교육원,1,62.5,100.0,100.0,0.0,0.0,0.0,100.0,100.0,100.0,서담,1
서강비즈니스센터,1,87.5,100.0,100.0,100.0,0.0,100.0,100.0,100.0,100.0,서담,1
서강매크로경영교육센터,1,100.0,100.0,100.0,100.0,100.0,100.0,100.0,100.0,100.0,서담,1
영원한 증언 프로젝트,1,62.5,100.0,100.0,100.0,0.0,0.0,100.0,100.0,0.0,서담,1
예산팀,1,87.5,100.0,100.0,100.0,0.0,100.0,100.0,100.0,100.0,청년광장,1
상담심리학전공,1,100.0,100.0,100.0,100.0,100.0,100.0,100.0,100.0,100.0,청년광장,1
마포중앙도서관 영어교육센터,1,75.0,100.0,100.0,100.0,0.0,0.0,100.0,100.0,100.0,서담,1
인공광합성연구센터,1,75.0,100.0,100.0,100.0,0.0,0.0,100.0,100.0,100.0,청년광장,1
사회봉사센터,1,75.0,100.0,0.0,100.0,100.0,0.0,100.0,100.0,100.0,학과·기관 홈페이지,1
경제대학,1,75.0,100.0,100.0,100.0,100.0,0.0,100.0,100.0,0.0,서담,1
인문대학행정팀,1,87.5,100.0,100.0,100.0,100.0,100.0,100.0,100.0,0.0,서담,1
AI·SW대학원,1,87.5,100.0,100.0,100.0,100.0,0.0,100.0,100.0,100.0,청년광장,1
경영학,1,87.5,100.0,100.0,0.0,100.0,100.0,100.0,100.0,100.0,서담,1
부동산학협동과정,1,75.0,100.0,100.0,100.0,0.0,0.0,100.0,100.0,100.0,청년광장,1
일반대학원 제32대 총학생회,1,100.0,100.0,100.0,100.0,100.0,100.0,100.0,100.0,100.0,청년광장,1
경영대 빅데이터 연구팀,1,87.5,0.0,100.0,100.0,100.0,100.0,100.0,100.0,100.0,서담,1
공학교육연구센터,1,75.0,100.0,0.0,100.0,0.0,100.0,100.0,100.0,100.0,학과·기관 홈페이지,1
대학원총학생회,1,100.0,100.0,100.0,100.0,100.0,100.0,100.0,100.0,100.0,청년광장,1
마포-서강 영어캠프(MSEC) 운영본부,1,87.5,100.0,100.0,100.0,100.0,0.0,100.0,100.0,100.0,서담,1
